iter	CrossEntropy
0	0.6460034438
1	0.6054613411
2	0.5676532959
3	0.5373964402
4	0.5126927253
