iter	CrossEntropy
0	0.65421867
1	0.6160716974
2	0.5822766254
3	0.5548252113
4	0.5297962108
